Customer ID,Recency,Frequency,Monetary,Segment,Segment Label
AA-10315,184,5,5563.56,0,Loyal
AA-10375,19,9,1056.39,0,Loyal
AA-10480,259,4,1790.5120000000002,0,Loyal
AA-10645,55,6,5086.935,2,New
AB-10015,415,3,886.156,1,At Risk
AB-10060,54,8,7755.62,2,New
AB-10105,41,10,14473.570999999998,2,New
AB-10150,41,5,966.71,0,Loyal
AB-10165,25,8,1113.838,0,Loyal
AB-10255,166,9,914.532,0,Loyal
AB-10600,50,4,1515.862,0,Loyal
AC-10420,232,3,925.8,0,Loyal
AC-10450,11,7,5527.846,2,New
AC-10615,6,5,2537.686,0,Loyal
AC-10660,282,5,657.316,0,Loyal
AD-10180,29,8,6106.88,2,New
AF-10870,41,7,2052.908,0,Loyal
AF-10885,415,4,861.565,1,At Risk
AG-10270,278,5,2582.898,0,Loyal
AG-10300,118,4,367.548,0,Loyal
AG-10330,8,5,660.972,0,Loyal
AG-10390,114,5,200.945,0,Loyal
AG-10495,78,8,2356.855,0,Loyal
AG-10525,845,4,1455.038,1,At Risk
AG-10675,97,7,3489.0396000000005,0,Loyal
AG-10765,77,4,170.584,0,Loyal
AG-10900,96,10,4510.797,2,New
AH-10030,12,7,1744.7,0,Loyal
AH-10075,34,10,3250.337,2,New
AH-10120,60,7,1735.514,0,Loyal
AH-10195,55,4,1587.452,0,Loyal
AH-10210,6,9,4805.344,2,New
AH-10465,230,5,2495.3916,0,Loyal
AH-10585,21,4,738.504,0,Loyal
AH-10690,410,12,7888.294,2,New
AI-10855,13,10,4375.786,2,New
AJ-10780,75,7,4867.344,2,New
AJ-10795,166,7,4501.391,2,New
AJ-10945,85,7,1839.24,0,Loyal
AJ-10960,74,3,629.2479999999999,0,Loyal
AM-10360,28,5,814.012,0,Loyal
AM-10705,162,8,5664.022,2,New
AO-10810,501,1,161.28,1,At Risk
AP-10720,41,8,1638.554,0,Loyal
AP-10915,98,10,3323.556,2,New
AR-10345,111,4,1055.694,0,Loyal
AR-10405,125,5,2236.128,0,Loyal
AR-10510,14,5,264.86400000000003,0,Loyal
AR-10540,6,6,6608.448,2,New
AR-10570,534,1,88.15,1,At Risk
AR-10825,58,8,4523.336,2,New
AS-10045,88,7,3050.692,0,Loyal
AS-10090,28,9,3255.31,2,New
AS-10135,41,2,58.82,0,Loyal
AS-10225,22,5,4260.784,0,Loyal
AS-10240,192,7,584.6080000000001,0,Loyal
AS-10285,19,6,3214.236,0,Loyal
AS-10630,92,7,833.398,0,Loyal
AT-10435,21,6,1171.814,0,Loyal
AT-10735,13,10,3831.864,2,New
AW-10840,20,4,649.376,0,Loyal
AW-10930,46,7,2852.968,0,Loyal
AY-10555,14,4,497.014,0,Loyal
AZ-10750,160,6,1622.0179999999998,0,Loyal
BB-10990,105,5,744.3399999999999,0,Loyal
BB-11545,28,9,6765.728,2,New
BC-11125,202,9,2933.676,2,New
BD-11320,33,12,5718.521,2,New
BD-11500,35,6,4411.243,0,Loyal
BD-11560,278,2,320.54,1,At Risk
BD-11605,97,7,3288.471,0,Loyal
BD-11620,69,6,1538.11,0,Loyal
BD-11635,9,3,582.646,0,Loyal
BD-11725,93,6,1526.5,0,Loyal
BD-11770,327,6,658.466,0,Loyal
BE-11335,119,5,4204.676,0,Loyal
BE-11410,98,5,2261.438,0,Loyal
BE-11455,254,6,1727.652,0,Loyal
BF-10975,91,7,599.798,0,Loyal
BF-11005,39,4,1333.88,0,Loyal
BF-11020,74,8,2888.506,2,New
BF-11080,25,3,272.95,0,Loyal
BF-11170,16,11,5907.972,2,New
BF-11215,65,4,1585.162,0,Loyal
BF-11275,57,3,791.9899999999999,0,Loyal
BG-11035,28,8,2798.948,0,Loyal
BG-11695,36,6,1874.172,0,Loyal
BG-11740,57,6,1006.356,0,Loyal
BH-11710,23,8,6255.351,2,New
BK-11260,77,6,659.1379999999999,0,Loyal
BM-11140,307,4,11789.63,2,New
BM-11575,100,6,808.162,0,Loyal
BM-11650,33,11,7294.185,2,New
BM-11785,218,10,1338.842,2,New
BN-11470,24,4,265.296,0,Loyal
BN-11515,9,5,1459.344,0,Loyal
BO-11350,137,5,2682.728,0,Loyal
BO-11425,75,2,130.83,0,Loyal
BP-11050,83,5,983.42,0,Loyal
BP-11095,17,12,2442.044,2,New
BP-11155,89,6,1697.861,0,Loyal
BP-11185,1,9,3675.861,2,New
BP-11230,39,5,1181.49,0,Loyal
BP-11290,12,7,2475.157,0,Loyal
BS-11365,558,5,10501.653,1,At Risk
BS-11380,28,5,3887.834,0,Loyal
BS-11590,35,6,2454.928,0,Loyal
BS-11665,582,3,3288.11,1,At Risk
BS-11755,1,7,2562.382,0,Loyal
BS-11800,265,2,949.43,1,At Risk
BT-11305,336,5,2567.656,1,At Risk
BT-11395,302,6,2186.6130000000003,0,Loyal
BT-11440,560,4,603.876,1,At Risk
BT-11485,659,2,415.196,1,At Risk
BT-11530,91,5,2684.492,0,Loyal
BT-11680,20,7,3196.752,0,Loyal
BV-11245,334,5,1523.273,1,At Risk
BW-11065,212,3,385.516,0,Loyal
BW-11110,121,8,4750.358,2,New
BW-11200,203,6,1738.406,0,Loyal
CA-11965,96,6,3789.7228,0,Loyal
CA-12055,401,5,1679.7240000000002,1,At Risk
CA-12265,56,9,2648.2872,2,New
CA-12310,13,4,1421.954,0,Loyal
CA-12775,120,7,3041.566,0,Loyal
CB-12025,47,10,6076.139,2,New
CB-12415,26,8,1949.2,0,Loyal
CB-12535,197,8,4246.4555,2,New
CC-12100,457,6,1770.945,1,At Risk
CC-12145,106,7,2471.65,0,Loyal
CC-12220,20,12,3913.418,2,New
CC-12370,43,5,12129.072000000002,2,New
CC-12430,0,10,2870.05,2,New
CC-12475,39,9,1659.438,0,Loyal
CC-12550,27,3,113.832,0,Loyal
CC-12610,34,7,2540.631,0,Loyal
CC-12670,29,7,2269.7015,0,Loyal
CC-12685,799,4,2854.115,1,At Risk
CD-11920,40,5,2033.968,0,Loyal
CD-11980,54,3,639.766,0,Loyal
CD-12280,42,2,1205.584,0,Loyal
CD-12790,399,5,1860.732,1,At Risk
CG-12040,49,6,904.468,0,Loyal
CG-12520,338,3,1148.7800000000002,1,At Risk
CH-12070,691,3,1537.236,1,At Risk
CJ-11875,365,1,16.52,1,At Risk
CJ-12010,189,8,11164.974,2,New
CK-12205,39,13,3154.855,2,New
CK-12325,120,5,2945.321,0,Loyal
CK-12595,43,11,2372.75,2,New
CK-12760,82,9,1582.109,0,Loyal
CL-11890,106,4,1262.014,0,Loyal
CL-12565,284,12,10880.546,2,New
CL-12700,105,5,2353.586,0,Loyal
CM-11815,131,6,1673.888,0,Loyal
CM-11935,708,2,565.392,1,At Risk
CM-12115,8,4,1661.61,0,Loyal
CM-12160,26,6,2533.314,0,Loyal
CM-12190,8,6,1475.144,0,Loyal
CM-12235,385,5,2305.712,1,At Risk
CM-12385,37,4,8954.019999999999,2,New
CM-12445,436,3,287.99,1,At Risk
CM-12655,27,6,6339.5576,2,New
CM-12715,1035,4,3984.4524,1,At Risk
CP-12085,82,8,5402.254,2,New
CP-12340,160,8,5888.275,2,New
CR-12580,57,4,2148.852,0,Loyal
CR-12625,470,3,475.9,1,At Risk
CR-12730,78,4,1600.55,0,Loyal
CR-12820,85,3,1397.8724,0,Loyal
CS-11845,91,5,1278.954,0,Loyal
CS-11860,162,6,537.632,0,Loyal
CS-11950,25,11,3036.547,2,New
CS-12130,489,4,884.64,1,At Risk
CS-12175,232,5,844.4580000000001,0,Loyal
CS-12250,26,12,2754.216,2,New
CS-12355,6,11,3202.1620000000003,2,New
CS-12400,2,9,3651.8585,2,New
CS-12460,27,2,550.644,0,Loyal
CS-12490,424,4,1077.2285,1,At Risk
CS-12505,58,6,5690.054999999999,2,New
CT-11995,96,8,3241.898,2,New
CV-12295,254,5,2830.628,0,Loyal
CV-12805,5,9,2370.3136,2,New
CW-11905,22,6,1136.592,0,Loyal
CY-12745,60,8,2900.026,2,New
Co-12640,549,5,1300.076,1,At Risk
DA-13450,352,4,156.76,1,At Risk
DB-12910,21,8,2171.599,0,Loyal
DB-12970,241,5,2839.2272,0,Loyal
DB-13060,16,7,4531.646,2,New
DB-13120,48,7,2973.094,0,Loyal
DB-13210,9,10,2332.577,2,New
DB-13270,53,8,4655.897,2,New
DB-13360,264,5,1081.466,0,Loyal
DB-13405,187,4,1711.692,0,Loyal
DB-13555,107,7,3908.8028,2,New
DB-13615,33,7,1989.05,0,Loyal
DB-13660,12,7,1155.202,0,Loyal
DC-12850,37,9,3336.168,2,New
DC-13285,23,5,1174.618,0,Loyal
DD-13570,41,6,269.542,0,Loyal
DE-13255,719,5,2550.874,1,At Risk
DF-13135,700,3,2390.534,1,At Risk
DG-13300,32,5,3195.818,0,Loyal
DH-13075,277,6,4932.872,0,Loyal
DH-13675,776,4,1043.096,1,At Risk
DJ-13420,637,4,2012.52,1,At Risk
DJ-13510,48,8,2501.688,0,Loyal
DJ-13630,12,3,3356.398,0,Loyal
DK-12835,21,12,3256.48,2,New
DK-12895,45,5,4282.176,0,Loyal
DK-12985,7,5,1687.04,0,Loyal
DK-13090,42,7,2650.557,0,Loyal
DK-13150,10,2,797.832,0,Loyal
DK-13225,10,9,4802.394,2,New
DK-13375,19,8,3318.486,2,New
DL-12865,100,8,1503.112,0,Loyal
DL-12925,57,6,3272.2,0,Loyal
DL-13315,22,8,1458.258,0,Loyal
DL-13330,57,4,585.02,0,Loyal
DL-13495,76,8,3539.322,2,New
DM-12955,114,7,1322.034,0,Loyal
DM-13015,57,7,6345.103,2,New
DM-13345,22,8,4074.472,2,New
DM-13525,481,3,1376.792,1,At Risk
DN-13690,217,7,2139.79,0,Loyal
DO-13435,133,9,1300.0315,0,Loyal
DO-13645,26,7,1267.316,0,Loyal
DP-13000,126,9,1050.636,0,Loyal
DP-13105,6,8,2215.002,0,Loyal
DP-13165,812,2,1058.616,1,At Risk
DP-13390,358,9,5480.723999999999,2,New
DR-12880,3,9,6528.034000000001,2,New
DR-12940,50,8,8350.868,2,New
DS-13030,93,4,1762.213,0,Loyal
DS-13180,23,9,2881.8128,2,New
DV-13045,19,5,1119.483,0,Loyal
DV-13465,29,6,3341.587,0,Loyal
DW-13195,69,6,1080.751,0,Loyal
DW-13480,217,5,5271.628,0,Loyal
DW-13540,98,5,344.08,0,Loyal
DW-13585,242,7,1204.854,0,Loyal
Dl-13600,119,5,755.602,0,Loyal
Dp-13240,84,11,7198.761,2,New
EA-14035,152,13,2846.705,2,New
EB-13705,48,9,3644.978,2,New
EB-13750,35,10,3236.314,2,New
EB-13840,90,5,4358.128,0,Loyal
EB-13870,100,10,2767.219,2,New
EB-13930,161,5,944.6,0,Loyal
EB-13975,0,4,1643.255,0,Loyal
EB-14110,113,6,3071.126,0,Loyal
EB-14170,82,6,1186.326,0,Loyal
EC-14050,53,5,461.914,0,Loyal
ED-13885,135,8,3484.92,2,New
EG-13900,22,5,1832.02,0,Loyal
EH-13765,135,12,10310.88,2,New
EH-13945,217,8,684.1709999999999,0,Loyal
EH-13990,405,6,825.9499999999999,1,At Risk
EH-14005,2,7,1219.53,0,Loyal
EH-14125,152,10,3082.653,2,New
EH-14185,105,6,923.884,0,Loyal
EJ-13720,302,4,2162.174,1,At Risk
EJ-14155,57,5,2656.691,0,Loyal
EK-13795,44,4,1303.478,0,Loyal
EL-13735,77,2,124.28,0,Loyal
EM-13810,132,5,2567.01,0,Loyal
EM-13825,55,8,2339.598,0,Loyal
EM-13960,151,5,933.704,0,Loyal
EM-14065,47,4,228.99,0,Loyal
EM-14095,113,4,1041.042,0,Loyal
EM-14140,48,6,4588.436000000001,0,Loyal
EM-14200,158,3,366.822,0,Loyal
EN-13780,287,4,2199.366,0,Loyal
EP-13915,12,17,5478.0608,2,New
ER-13855,421,3,1245.788,1,At Risk
ES-14020,40,5,3510.458,0,Loyal
ES-14080,28,9,4657.924,2,New
FA-14230,97,7,2984.054,0,Loyal
FC-14245,70,7,3418.742,0,Loyal
FC-14335,184,7,3889.366,0,Loyal
FG-14260,34,7,1383.144,0,Loyal
FH-14275,37,10,4256.272,2,New
FH-14350,212,4,2271.284,0,Loyal
FH-14365,5,8,6987.196,2,New
FM-14215,7,10,2456.638,2,New
FM-14290,36,9,3736.198,2,New
FM-14380,145,9,2523.266,2,New
FO-14305,38,10,2678.438,2,New
FP-14320,23,8,4046.746,2,New
FW-14395,362,3,79.75,1,At Risk
GA-14515,149,8,3919.776,2,New
GA-14725,5,11,1398.382,2,New
GB-14530,62,11,1568.44,2,New
GB-14575,13,5,4716.288,0,Loyal
GD-14590,5,4,1888.07,0,Loyal
GG-14650,43,9,2224.0,2,New
GH-14410,75,9,2819.467,2,New
GH-14425,50,4,4172.8460000000005,0,Loyal
GH-14485,387,2,1361.244,1,At Risk
GH-14665,2,2,146.94080000000002,0,Loyal
GK-14620,112,9,6497.27,2,New
GM-14440,83,7,3582.82,0,Loyal
GM-14455,16,6,3078.624,0,Loyal
GM-14500,106,10,1255.682,2,New
GM-14680,152,6,3163.628,0,Loyal
GM-14695,117,3,6049.966,0,Loyal
GP-14740,765,2,236.53,1,At Risk
GR-14560,1135,2,1284.38,1,At Risk
GT-14635,56,3,9351.212,2,New
GT-14710,36,11,11820.12,2,New
GT-14755,34,4,226.436,0,Loyal
GW-14605,28,7,2189.019,0,Loyal
GZ-14470,7,9,4355.150000000001,2,New
GZ-14545,157,4,2454.6220000000003,0,Loyal
HA-14905,69,7,2163.3,0,Loyal
HA-14920,20,8,2584.158,0,Loyal
HD-14785,769,3,251.36,1,At Risk
HE-14800,12,4,883.5319999999999,0,Loyal
HF-14995,21,7,2533.164,0,Loyal
HG-14845,54,5,785.628,0,Loyal
HG-14965,23,12,3247.642,2,New
HG-15025,6,7,3690.284,0,Loyal
HH-15010,72,2,218.668,0,Loyal
HJ-14875,126,5,358.1,0,Loyal
HK-14890,151,8,4877.784,2,New
HL-15040,43,6,12873.298,2,New
HM-14860,2,10,8236.7648,2,New
HM-14980,247,4,736.276,0,Loyal
HP-14815,30,7,1990.314,0,Loyal
HR-14770,13,5,1299.288,0,Loyal
HR-14830,159,7,5248.787,2,New
HW-14935,117,8,9300.254,2,New
HZ-14950,35,5,886.52,0,Loyal
IG-15085,71,4,744.574,0,Loyal
IL-15100,142,7,5040.736,2,New
IM-15055,409,3,2872.63,1,At Risk
IM-15070,390,7,4930.474,2,New
JA-15970,92,8,6491.026,2,New
JB-15400,7,10,1791.605,2,New
JB-15925,737,3,900.552,1,At Risk
JB-16000,43,7,644.1188,0,Loyal
JB-16045,7,5,2518.115,0,Loyal
JC-15340,114,4,71.263,0,Loyal
JC-15385,175,1,1058.108,0,Loyal
JC-15775,158,9,2772.055,2,New
JC-16105,57,5,858.576,0,Loyal
JD-15790,117,5,2152.352,0,Loyal
JD-15895,394,11,7610.864,2,New
JD-16015,112,6,385.43,0,Loyal
JD-16060,300,3,695.442,1,At Risk
JD-16150,41,8,8828.0305,2,New
JE-15475,193,6,1388.682,0,Loyal
JE-15610,48,7,7754.976,2,New
JE-15715,46,10,8697.842999999999,2,New
JE-15745,51,13,6760.8150000000005,2,New
JE-16165,20,3,2697.248,0,Loyal
JF-15190,65,7,2279.586,0,Loyal
JF-15295,225,5,955.124,0,Loyal
JF-15355,105,6,1911.844,0,Loyal
JF-15415,2,6,2371.448,0,Loyal
JF-15490,121,11,1082.918,2,New
JF-15565,54,8,4198.332,2,New
JG-15115,758,3,2358.676,1,At Risk
JG-15160,1,11,6366.392,2,New
JG-15310,2,6,2240.58,0,Loyal
JG-15805,223,6,1507.018,0,Loyal
JH-15430,5,4,309.281,0,Loyal
JH-15820,174,6,528.91,0,Loyal
JH-15910,41,7,959.477,0,Loyal
JH-15985,29,6,7954.998,2,New
JH-16180,404,4,2256.394,1,At Risk
JJ-15445,483,5,709.178,1,At Risk
JJ-15760,753,2,195.0,1,At Risk
JK-15205,61,5,4427.142,0,Loyal
JK-15325,287,3,383.812,1,At Risk
JK-15370,44,8,2709.632,0,Loyal
JK-15625,61,7,3760.028,0,Loyal
JK-15640,180,9,4760.434,2,New
JK-15730,84,10,4867.2,2,New
JK-16090,28,3,3747.668,0,Loyal
JK-16120,117,10,2932.484,2,New
JL-15130,8,6,1214.956,0,Loyal
JL-15175,6,5,1571.523,0,Loyal
JL-15235,119,5,2203.7,0,Loyal
JL-15505,49,6,3173.874,0,Loyal
JL-15835,21,11,9799.923,2,New
JL-15850,614,6,2725.256,1,At Risk
JM-15250,37,6,3159.1220000000003,0,Loyal
JM-15265,37,5,1804.146,0,Loyal
JM-15535,102,7,1733.443,0,Loyal
JM-15580,0,5,303.948,0,Loyal
JM-15655,8,5,864.947,0,Loyal
JM-15865,109,7,7625.076000000001,2,New
JM-16195,57,10,2833.9260000000004,2,New
JO-15145,57,9,3254.949,2,New
JO-15280,92,6,1934.272,0,Loyal
JO-15550,215,5,1090.838,0,Loyal
JP-15460,37,7,1669.135,0,Loyal
JP-15520,8,7,3635.594,0,Loyal
JP-16135,102,9,1707.71,0,Loyal
JR-15670,593,2,1156.658,1,At Risk
JR-15700,68,1,863.88,0,Loyal
JR-16210,33,5,2201.686,0,Loyal
JS-15595,119,4,1417.654,0,Loyal
JS-15685,42,4,1131.064,0,Loyal
JS-15880,534,5,3868.02,1,At Risk
JS-15940,463,5,469.169,1,At Risk
JS-16030,28,6,2516.494,0,Loyal
JW-15220,42,6,7721.714,2,New
JW-15955,5,7,1244.086,0,Loyal
JW-16075,461,4,1428.731,1,At Risk
KA-16525,36,7,1519.506,0,Loyal
KB-16240,4,7,3152.615,0,Loyal
KB-16315,296,9,1569.464,0,Loyal
KB-16405,117,3,908.821,0,Loyal
KB-16585,230,12,2744.742,2,New
KB-16600,1,7,983.922,0,Loyal
KC-16255,407,6,2120.954,1,At Risk
KC-16540,97,4,3908.262,0,Loyal
KC-16675,57,4,1146.05,0,Loyal
KD-16270,484,5,8282.358,1,At Risk
KD-16345,41,6,1888.964,0,Loyal
KD-16495,112,12,8181.256,2,New
KD-16615,289,5,2243.51,0,Loyal
KE-16420,26,8,1686.7312,0,Loyal
KF-16285,97,7,10604.266,2,New
KH-16330,40,8,3312.864,2,New
KH-16360,1,6,3100.612,0,Loyal
KH-16510,22,7,5952.859,2,New
KH-16630,58,9,3918.966,2,New
KH-16690,2,7,5990.799,2,New
KL-16555,16,8,5016.488,2,New
KL-16645,47,12,14175.229,2,New
KM-16225,14,6,2260.958,0,Loyal
KM-16375,56,8,5620.186,2,New
KM-16660,15,5,453.538,0,Loyal
KM-16720,28,8,4909.472,2,New
KN-16390,19,9,2617.272,2,New
KN-16450,52,5,2171.962,0,Loyal
KN-16705,98,8,2280.58,0,Loyal
KS-16300,295,3,88.472,1,At Risk
KT-16465,391,7,3057.1,1,At Risk
KT-16480,100,10,4642.088400000001,2,New
KW-16435,96,5,4416.52,0,Loyal
KW-16570,771,4,449.096,1,At Risk
LA-16780,154,11,8673.222,2,New
LB-16735,48,3,50.188,0,Loyal
LB-16795,152,8,4985.676,2,New
LC-16870,27,8,2580.704,0,Loyal
LC-16885,16,12,7663.126,2,New
LC-16930,41,8,4492.946,2,New
LC-16960,436,4,3246.626,1,At Risk
LC-17050,54,5,2095.064,0,Loyal
LC-17140,13,9,2633.582,2,New
LD-16855,552,1,5.304,1,At Risk
LD-17005,414,4,1961.934,1,At Risk
LE-16810,21,6,1469.45,0,Loyal
LF-17185,22,7,3930.509,2,New
LH-16750,151,3,287.426,0,Loyal
LH-16900,21,9,2295.332,2,New
LH-17020,239,4,318.239,0,Loyal
LH-17155,385,9,1739.689,0,Loyal
LL-16840,249,6,2741.204,0,Loyal
LM-17065,391,5,1346.774,1,At Risk
LO-17170,2,5,644.35,0,Loyal
LP-17080,40,4,756.606,0,Loyal
LP-17095,9,7,3653.399,0,Loyal
LR-16915,26,6,5142.892,2,New
LR-17035,132,5,1879.306,0,Loyal
LS-16945,178,6,2845.27,0,Loyal
LS-16975,20,9,2988.674,2,New
LS-17200,96,6,1010.256,0,Loyal
LS-17230,777,3,368.88000000000005,1,At Risk
LS-17245,34,6,1008.136,0,Loyal
LT-16765,26,3,329.876,0,Loyal
LT-17110,34,8,2936.252,2,New
LW-16825,88,5,2238.061,0,Loyal
LW-16990,33,6,3230.308,0,Loyal
LW-17125,205,3,1259.04,0,Loyal
LW-17215,21,7,5420.514,2,New
MA-17560,64,11,4299.161,2,New
MA-17995,186,6,2453.284,0,Loyal
MB-17305,48,10,1548.702,2,New
MB-18085,44,7,1428.231,0,Loyal
MC-17275,76,8,2725.982,0,Loyal
MC-17425,399,5,4432.138,1,At Risk
MC-17575,27,8,1303.893,0,Loyal
MC-17590,51,6,2426.067,0,Loyal
MC-17605,112,8,2258.192,0,Loyal
MC-17635,189,4,795.154,0,Loyal
MC-17845,1,7,3805.714,0,Loyal
MC-18100,41,10,2218.98,2,New
MC-18130,369,5,1581.9979999999998,1,At Risk
MD-17350,117,7,3766.382,0,Loyal
MD-17860,36,5,1204.91,0,Loyal
ME-17320,42,10,10663.728,2,New
ME-17725,28,8,1908.4532,0,Loyal
ME-18010,92,4,1256.944,0,Loyal
MF-17665,421,5,937.039,1,At Risk
MF-18250,7,5,1758.3,0,Loyal
MG-17650,29,7,3785.276,0,Loyal
MG-17680,92,4,2350.188,0,Loyal
MG-17695,555,3,1342.282,1,At Risk
MG-17875,116,5,1242.833,0,Loyal
MG-17890,99,9,776.384,0,Loyal
MG-18145,84,4,3061.543,0,Loyal
MG-18205,264,1,16.739,1,At Risk
MH-17290,119,6,2394.025,0,Loyal
MH-17440,376,4,400.016,1,At Risk
MH-17455,85,8,2456.182,0,Loyal
MH-17620,155,4,1252.8,0,Loyal
MH-17785,98,7,2203.778,0,Loyal
MH-18025,49,5,2984.948,0,Loyal
MH-18115,5,9,5503.093,2,New
MJ-17740,22,7,6320.746,2,New
MK-17905,28,8,2302.368,0,Loyal
MK-18160,240,4,1031.602,0,Loyal
ML-17395,69,9,2722.843,2,New
ML-17410,54,6,2921.5,0,Loyal
ML-17755,29,7,2071.914,0,Loyal
ML-18040,79,3,742.082,0,Loyal
ML-18265,100,2,162.232,0,Loyal
MM-17260,168,4,1314.023,0,Loyal
MM-17920,7,11,3794.08,2,New
MM-18055,61,8,2749.881,0,Loyal
MM-18280,85,9,775.414,0,Loyal
MN-17935,34,6,2477.946,0,Loyal
MO-17500,72,4,922.487,0,Loyal
MO-17800,104,8,1687.0269999999998,0,Loyal
MO-17950,180,2,154.288,0,Loyal
MP-17470,719,7,3206.132,1,At Risk
MP-17965,72,9,3983.642,2,New
MP-18175,16,9,5087.92,2,New
MR-17545,125,4,639.178,0,Loyal
MS-17365,273,10,7443.69,2,New
MS-17530,434,4,475.656,1,At Risk
MS-17710,413,6,1613.402,1,At Risk
MS-17770,121,9,3144.678,2,New
MS-17830,452,4,370.348,1,At Risk
MS-17980,26,6,855.116,0,Loyal
MT-17815,49,6,2890.139,0,Loyal
MT-18070,203,4,1319.4498,0,Loyal
MV-17485,27,9,1560.05,0,Loyal
MV-18190,19,7,1734.574,0,Loyal
MW-18220,17,7,5341.900000000001,2,New
MW-18235,44,2,5253.876,0,Loyal
MY-17380,29,7,2254.285,0,Loyal
MY-18295,71,11,4152.696,2,New
MZ-17335,30,4,593.606,0,Loyal
MZ-17515,282,6,2564.906,0,Loyal
NB-18580,1165,2,273.872,1,At Risk
NB-18655,19,9,1972.599,2,New
NC-18340,224,5,2461.404,0,Loyal
NC-18415,41,6,2218.99,0,Loyal
NC-18535,6,7,8241.739,2,New
NC-18625,204,5,1821.742,0,Loyal
ND-18370,27,9,4326.139,2,New
ND-18460,183,6,2893.455,0,Loyal
NF-18385,79,7,8322.826,2,New
NF-18475,525,4,377.162,1,At Risk
NF-18595,114,7,2031.472,0,Loyal
NG-18355,48,5,1869.58,0,Loyal
NG-18430,48,5,1395.938,0,Loyal
NH-18610,189,7,2673.29,0,Loyal
NK-18490,70,7,572.048,0,Loyal
NL-18310,58,4,1418.09,0,Loyal
NM-18445,160,7,6459.344,2,New
NM-18520,244,10,2161.979,2,New
NP-18325,25,6,5529.62,2,New
NP-18670,58,5,3908.402,0,Loyal
NP-18685,406,6,1228.698,1,At Risk
NP-18700,138,7,7903.1825,2,New
NR-18550,210,5,2367.277,0,Loyal
NS-18505,6,4,2575.863,0,Loyal
NS-18640,174,13,2964.823,2,New
NW-18400,172,7,7234.014,2,New
NZ-18565,85,9,2488.31,2,New
ON-18715,410,9,1567.52,1,At Risk
OT-18730,65,5,3818.624,0,Loyal
PA-19060,103,6,729.408,0,Loyal
PB-18805,25,3,740.356,0,Loyal
PB-19105,57,4,688.324,0,Loyal
PB-19150,97,8,1456.95,0,Loyal
PB-19210,688,2,132.738,1,At Risk
PC-18745,2,4,1832.064,0,Loyal
PC-19000,882,2,1061.488,1,At Risk
PF-19120,835,4,9062.864,1,At Risk
PF-19165,196,6,2770.0,0,Loyal
PF-19225,114,5,2206.128,0,Loyal
PG-18820,36,13,3086.907,2,New
PG-18895,57,9,1987.164,2,New
PH-18790,70,1,729.648,0,Loyal
PJ-18835,39,8,1220.09,0,Loyal
PJ-19015,134,7,1824.234,0,Loyal
PK-18910,483,2,1441.152,1,At Risk
PK-19075,9,12,8646.934,2,New
PL-18925,15,5,239.481,0,Loyal
PM-18940,386,3,1405.402,1,At Risk
PM-19135,51,4,4115.662,0,Loyal
PN-18775,30,8,1467.152,0,Loyal
PO-18850,4,11,7473.8282,2,New
PO-18865,0,7,2493.214,0,Loyal
PO-19180,160,9,4893.043,2,New
PO-19195,86,5,1056.858,0,Loyal
PP-18955,97,10,7252.608,2,New
PR-18880,36,5,1840.178,0,Loyal
PS-18760,107,6,2181.479,0,Loyal
PS-18970,69,8,1278.639,0,Loyal
PS-19045,236,7,6843.634,2,New
PT-19090,71,4,160.572,0,Loyal
PV-18985,89,5,2876.046,0,Loyal
PW-19030,46,10,3454.916,2,New
PW-19240,464,7,3922.415,1,At Risk
QJ-19255,25,9,6108.338,2,New
RA-19285,5,9,2617.906,2,New
RA-19885,43,7,3832.314,0,Loyal
RA-19915,12,9,4793.543,2,New
RA-19945,61,5,1686.9225,0,Loyal
RB-19330,68,2,1008.196,0,Loyal
RB-19360,96,6,15117.339,2,New
RB-19435,19,8,2663.086,0,Loyal
RB-19465,9,12,4715.466,2,New
RB-19570,25,5,528.546,0,Loyal
RB-19645,648,5,221.084,1,At Risk
RB-19705,54,4,2067.45,0,Loyal
RB-19795,32,8,5633.316000000001,2,New
RC-19825,369,6,966.409,1,At Risk
RC-19960,110,6,885.752,0,Loyal
RD-19480,72,8,4272.93,2,New
RD-19585,180,10,2912.894,2,New
RD-19660,114,5,2786.632,0,Loyal
RD-19720,21,10,1419.737,2,New
RD-19810,14,8,1137.616,0,Loyal
RD-19900,114,9,3133.924,2,New
RD-19930,42,4,970.942,0,Loyal
RE-19405,1097,1,48.36,1,At Risk
RE-19450,302,5,876.696,0,Loyal
RF-19345,390,8,3309.15,2,New
RF-19735,89,7,2341.2960000000003,0,Loyal
RF-19840,6,8,945.222,0,Loyal
RH-19495,32,5,3621.376,0,Loyal
RH-19510,467,6,6979.18,1,At Risk
RH-19555,519,2,740.382,1,At Risk
RH-19600,534,3,2085.74,1,At Risk
RK-19300,119,3,1460.192,0,Loyal
RL-19615,121,8,6234.91,2,New
RM-19375,345,6,1453.474,1,At Risk
RM-19675,6,5,5979.0960000000005,2,New
RM-19750,299,1,98.35,1,At Risk
RO-19780,35,7,3815.478,0,Loyal
RP-19270,496,4,954.6452,1,At Risk
RP-19390,33,12,5153.084,2,New
RP-19855,28,8,2170.716,0,Loyal
RR-19315,19,2,615.932,0,Loyal
RR-19525,170,6,3302.262,0,Loyal
RS-19420,76,5,3221.29,0,Loyal
RS-19765,36,8,4159.77,2,New
RS-19870,19,2,22.328,0,Loyal
RW-19540,120,7,7397.401,2,New
RW-19630,89,9,3279.746,2,New
RW-19690,79,5,3495.646,0,Loyal
SA-20830,63,10,4767.3415,2,New
SB-20170,201,3,1348.02,0,Loyal
SB-20185,188,6,6410.996,2,New
SB-20290,47,7,8057.891,2,New
SC-20020,781,5,3362.9636,1,At Risk
SC-20050,40,9,4624.572,2,New
SC-20095,349,9,14142.334,2,New
SC-20230,149,4,4371.9580000000005,0,Loyal
SC-20260,187,8,3729.793,2,New
SC-20305,29,7,3979.065,2,New
SC-20380,30,9,5992.536,2,New
SC-20440,36,7,1874.998,0,Loyal
SC-20575,92,5,902.728,0,Loyal
SC-20680,126,6,1254.64,0,Loyal
SC-20695,89,10,2576.408,2,New
SC-20725,187,11,5226.21,2,New
SC-20770,41,7,4492.657,2,New
SC-20800,30,4,279.25600000000003,0,Loyal
SC-20845,131,2,280.632,0,Loyal
SD-20485,200,9,6121.114,2,New
SE-20110,9,11,12209.438000000002,2,New
SF-20065,59,7,763.5459999999999,0,Loyal
SF-20200,59,9,3422.786,2,New
SF-20965,48,9,3336.535,2,New
SG-20080,8,3,3406.581,0,Loyal
SG-20470,183,8,1884.798,0,Loyal
SG-20605,108,6,3124.832,0,Loyal
SG-20890,226,3,47.946,0,Loyal
SH-19975,29,13,3406.8395,2,New
SH-20395,23,10,2180.718,2,New
SH-20635,765,2,2096.392,1,At Risk
SJ-20125,95,12,3949.656,2,New
SJ-20215,29,6,1341.036,0,Loyal
SJ-20500,253,5,1318.776,0,Loyal
SK-19990,8,3,883.409,0,Loyal
SL-20155,70,7,3053.012,0,Loyal
SM-20005,421,4,244.494,1,At Risk
SM-20320,79,5,25043.05,2,New
SM-20905,606,1,1043.041,1,At Risk
SM-20950,25,12,5563.392,2,New
SN-20560,111,6,1860.418,0,Loyal
SN-20710,79,7,3127.9592,0,Loyal
SO-20335,29,6,2602.5755,0,Loyal
SP-20545,327,6,1306.086,0,Loyal
SP-20620,47,9,5440.319,2,New
SP-20650,386,9,1872.436,0,Loyal
SP-20860,79,10,4282.94,2,New
SP-20920,70,6,3990.689,0,Loyal
SR-20425,8,5,3233.481,0,Loyal
SR-20740,196,8,4345.886,2,New
SS-20140,15,8,1324.028,0,Loyal
SS-20410,110,6,3056.807,0,Loyal
SS-20515,491,3,613.4,1,At Risk
SS-20590,432,6,418.49,1,At Risk
SS-20875,120,5,964.636,0,Loyal
ST-20530,125,7,433.34,0,Loyal
SU-20665,20,7,2595.364,0,Loyal
SV-20365,101,10,11470.95,2,New
SV-20785,320,9,4105.305,2,New
SV-20815,76,4,1271.09,0,Loyal
SV-20935,2,8,1903.491,0,Loyal
SW-20245,81,7,1085.078,0,Loyal
SW-20275,30,6,1966.65,0,Loyal
SW-20350,162,3,1019.044,0,Loyal
SW-20455,162,7,2921.544,0,Loyal
SW-20755,534,2,758.6959999999999,1,At Risk
SZ-20035,35,11,3625.329,2,New
TA-21385,69,4,14595.62,2,New
TB-21055,119,5,1467.881,0,Loyal
TB-21175,58,4,3589.296,0,Loyal
TB-21190,49,4,816.1740000000001,0,Loyal
TB-21250,349,7,1602.376,0,Loyal
TB-21280,583,6,2198.45,1,At Risk
TB-21355,146,5,834.328,0,Loyal
TB-21400,202,7,9133.99,2,New
TB-21520,107,9,4737.486,2,New
TB-21595,285,5,1387.559,0,Loyal
TB-21625,30,9,2797.668,2,New
TC-20980,399,5,19052.218,2,New
TC-21145,106,1,1038.26,0,Loyal
TC-21295,27,8,4266.812,2,New
TC-21475,153,9,1244.976,0,Loyal
TC-21535,4,7,742.5580000000001,0,Loyal
TD-20995,37,9,1434.5480000000002,0,Loyal
TG-21310,337,5,3058.372,1,At Risk
TG-21640,114,4,2074.661,0,Loyal
TH-21100,344,5,2422.824,1,At Risk
TH-21115,58,4,2942.772,0,Loyal
TH-21235,117,8,1022.201,0,Loyal
TH-21550,72,7,4234.0960000000005,2,New
TM-21010,103,8,2955.226,2,New
TM-21490,130,3,1094.678,0,Loyal
TN-21040,90,7,3130.221,0,Loyal
TP-21130,8,9,4454.0560000000005,2,New
TP-21415,104,5,5329.0048,0,Loyal
TP-21565,350,4,1936.64,1,At Risk
TR-21325,193,5,675.9419999999999,0,Loyal
TS-21085,357,2,4.833,1,At Risk
TS-21160,504,6,2163.6240000000003,1,At Risk
TS-21205,198,7,5371.09,2,New
TS-21340,226,5,974.782,0,Loyal
TS-21370,36,6,11891.751,2,New
TS-21430,172,5,2054.14,0,Loyal
TS-21505,11,6,2243.274,0,Loyal
TS-21610,55,7,2820.424,0,Loyal
TS-21655,238,5,3368.094,0,Loyal
TT-21070,31,7,4915.602,2,New
TT-21220,183,8,1427.044,0,Loyal
TT-21265,406,3,439.5,1,At Risk
TT-21460,12,7,5364.808,2,New
TW-21025,64,7,5278.826,2,New
TZ-21580,35,4,1707.286,0,Loyal
VB-21745,54,6,2005.596,0,Loyal
VD-21670,581,6,6442.254,1,At Risk
VF-21715,13,5,847.944,0,Loyal
VG-21790,154,6,846.01,0,Loyal
VG-21805,286,5,427.372,0,Loyal
VM-21685,54,7,2454.866,0,Loyal
VM-21835,117,5,380.69,0,Loyal
VP-21730,30,3,993.902,0,Loyal
VP-21760,75,7,3360.526,0,Loyal
VS-21820,221,4,1055.981,0,Loyal
VT-21700,1000,2,1736.596,1,At Risk
VW-21775,28,10,6134.0380000000005,2,New
WB-21850,20,11,6160.102,2,New
XP-21865,43,11,2374.658,2,New
YC-21895,4,5,5454.35,0,Loyal
YS-21880,9,8,6720.444,2,New
ZC-21910,54,13,8025.707,2,New
ZD-21925,202,5,1493.944,0,Loyal
